{"cameraMode":{"drawMode":0,"name":"Shaded","section":"Shading Mode"},"sceneLighting":true,"audioPlay":false,"sceneViewState":{"showFog":true,"showMaterialUpdate":false,"showSkybox":true,"showFlares":true,"showImageEffects":true,"showParticleSystems":true},"in2DMode":false,"pivot":{"x":-0.5412249565124512,"y":-0.621103048324585,"z":-1.2163199186325074},"rotation":{"x":0.20808784663677216,"y":-0.7918888330459595,"z":0.4110696613788605,"w":0.4008665382862091},"size":9.130082130432129,"orthographic":false}