{"cameraMode":{"drawMode":0,"name":"Shaded","section":"Shading Mode"},"sceneLighting":true,"audioPlay":false,"sceneViewState":{"showFog":true,"showMaterialUpdate":false,"showSkybox":true,"showFlares":true,"showImageEffects":true,"showParticleSystems":true},"in2DMode":false,"pivot":{"x":-4.570267677307129,"y":1.7177882194519044,"z":-0.20949268341064454},"rotation":{"x":0.14922350645065309,"y":-0.1606028974056244,"z":0.0245748832821846,"w":0.9754068851470947},"size":15.241230964660645,"orthographic":false}