{"count":1,"gauges":{},"self":24.275032,"total":24.2790338,"children":{"AgentSendState":{"count":769,"self":0.0020009999999999997,"total":0.0020009999999999997,"children":null},"DecideAction":{"count":769,"self":0.0020009,"total":0.0020009,"children":null},"AgentAct":{"count":769,"self":0,"total":0,"children":null}}}